DGAHM_non,DGAHM_mid,DGAHM,EHM
0.08285738975427746,0.10767929059728064,0.08387209221624499,0.08401013296224805
